{"cameraMode":{"drawMode":0,"name":"Shaded","section":"Shading Mode"},"sceneLighting":true,"audioPlay":false,"sceneViewState":{"showFog":true,"showMaterialUpdate":false,"showSkybox":true,"showFlares":true,"showImageEffects":true,"showParticleSystems":true},"in2DMode":false,"pivot":{"x":-114.95758056640625,"y":-120.4214096069336,"z":-54.09132766723633},"rotation":{"x":0.12128210812807083,"y":-0.8613062500953674,"z":0.24338681995868684,"w":0.4291987419128418},"size":274.6824645996094,"orthographic":false}